<configuration>
    <appender name="CONSOLE" class="ch.qos.logback.core.ConsoleAppender">
        <encoder>
            <charset>UTF-8</charset>
            <pattern>%d{yyyy-MM-dd HH:mm:ss} %highlight(%-5level) %cyan(%logger{36}) - %msg%n</pattern>
        </encoder>
    </appender>

    <appender name="FILE" class="ch.qos.logback.core.FileAppender">
        <file>logs/app.log</file>
        <append>true</append>
        <encoder>
            <charset>UTF-8</charset>
            <pattern>%d{yyyy-MM-dd HH:mm:ss} %-5level %logger{36} - %msg%n</pattern>
        </encoder>
    </appender>

    <root level="debug">
        <appender-ref ref="CONSOLE" />
        <appender-ref ref="FILE" />
    </root>
</configuration>